T,T_i,k,k_settle,regime,friday,r_press,r_liq,len_press,len_liq,spread,spread_perday
2005-01-31,19,3,3,T+3,False,-0.022281814,0.017016706,5,7,0.03929852,0.0068873208
2005-02-28,38,3,3,T+3,False,-0.017741401,0.021236442,5,7,0.038977843,0.0065820577
2005-03-31,60,3,3,T+3,False,-0.015342485,0.0083051611,5,7,0.023647646,0.0042549487
2005-04-29,81,3,3,T+3,True,0.015635603,0.0094907437,5,7,-0.0061448594,-0.0017713001
2005-05-31,102,3,3,T+3,False,0.015713426,0.0047046815,5,7,-0.011008744,-0.0024705878
2005-06-30,124,3,3,T+3,False,-0.020269519,0.0034594694,5,7,0.023728988,0.0045481136
2005-07-29,144,3,3,T+3,True,0.0062548235,0.011479296,5,7,0.0052244728,0.00038893478
2005-08-31,167,3,3,T+3,False,-0.0055563859,0.016464732,5,7,0.022021117,0.0034633817
2005-09-30,188,3,3,T+3,True,-0.012936055,-0.016938778,5,7,-0.0040027234,0.00016738549
2005-10-31,209,3,3,T+3,False,0.015666754,0.02024452,5,7,0.0045777661,-0.00024127651
2005-11-30,230,3,3,T+3,False,0.027581054,-0.0045340894,5,7,-0.032115144,-0.0061639379
2005-12-30,251,3,3,T+3,True,0.0024168794,0.0040140663,5,7,0.0015971869,9.006216e-05
2006-01-31,271,3,3,T+3,False,-0.0097832256,-0.0041062591,5,7,0.0056769665,0.0013700367
2006-02-28,290,3,3,T+3,False,0.01100519,-0.0051022448,5,7,-0.016107435,-0.0029299302
2006-03-31,313,3,3,T+3,True,-0.0038551814,0.0063934267,5,7,0.010248608,0.001684383
2006-04-28,332,3,3,T+3,True,0.016549192,-0.0013577288,5,7,-0.017906921,-0.0035037997
2006-05-31,354,3,3,T+3,False,-0.0061816294,0.006657344,5,7,0.012838973,0.002187375
2006-06-30,376,3,3,T+3,True,0.0097118592,0.018342987,5,7,0.008631128,0.0006780549
2006-07-31,396,3,3,T+3,False,0.02079442,0.012508934,5,7,-0.008285486,-0.0023718935
2006-08-31,419,3,3,T+3,False,-0.0077281889,0.0040856678,5,7,0.011813857,0.0021293046
2006-09-29,439,3,3,T+3,True,0.0016811091,0.017037813,5,7,0.015356704,0.0020977515
2006-10-31,461,3,3,T+3,False,0.011836493,-0.014497689,5,7,-0.026334181,-0.0044383969
2006-11-30,482,3,3,T+3,False,-0.0011823696,0.0098226941,5,7,0.011005064,0.0016397159
2006-12-29,502,3,3,T+3,True,-0.012163242,-0.0027661317,5,7,0.0093971102,0.0020374867
2007-01-31,522,3,3,T+3,False,-0.0028467985,0.016707192,5,7,0.019553991,0.0029561015
2007-02-28,541,3,3,T+3,False,0.00078670972,-0.060594214,5,7,-0.061380924,-0.0088136582
2007-03-30,563,3,3,T+3,True,0.02034698,0.0032521621,5,7,-0.017094818,-0.0036048013
2007-04-30,583,3,3,T+3,False,0.0060677784,0.013724689,5,7,0.0076569104,0.00074711415
2007-05-31,605,3,3,T+3,False,-0.0024519176,0.014723047,5,7,0.017174965,0.002593676
2007-06-29,626,3,3,T+3,True,-0.02095711,0.014451354,5,7,0.035408464,0.0062559012
2007-07-31,647,3,3,T+3,False,-0.019434351,-0.053164963,5,7,-0.033730611,-0.0037081244
2007-08-31,670,3,3,T+3,True,0.015261646,0.0074415838,5,7,-0.0078200617,-0.0019892457
2007-09-28,689,3,3,T+3,True,0.028409048,0.012748214,5,7,-0.015660834,-0.0038606361
2007-10-31,712,3,3,T+3,False,-0.012466389,-0.012443948,5,7,2.2440945e-05,0.00071557096
2007-11-30,733,3,3,T+3,True,-0.033661757,0.054246981,5,7,0.087908738,0.01448192
2007-12-31,753,3,3,T+3,False,0.033141633,-0.054956341,5,7,-0.088097974,-0.014479233
2008-01-31,774,3,3,T+3,False,-0.0028668824,0.0084758284,5,7,0.011342711,0.0017842091
2008-02-29,794,3,3,T+3,True,0.01578439,-0.025953797,5,7,-0.041738186,-0.0068645632
2008-03-31,814,3,3,T+3,False,0.056065255,0.016477902,5,7,-0.039587353,-0.008859065
2008-04-30,836,3,3,T+3,False,0.0090451101,0.017881634,5,7,0.0088365237,0.00074549709
2008-05-30,857,3,3,T+3,True,-0.035911833,0.0023701941,5,7,0.038282027,0.0075209658
2008-06-30,878,3,3,T+3,False,-0.028034479,-0.037838914,5,7,-0.0098044354,0.00020133657
2008-07-31,900,3,3,T+3,False,-0.0039923539,0.023217875,5,7,0.027210228,0.00411531
2008-08-29,921,3,3,T+3,True,-0.010681492,-0.023622031,5,7,-0.012940539,-0.0012382775
2008-09-30,942,3,3,T+3,False,0.027048921,-0.070222399,5,7,-0.09727132,-0.015441555
2008-10-31,965,3,3,T+3,True,-0.15913038,0.14440514,5,7,0.30353551,0.05245538
2008-11-28,984,3,3,T+3,True,-0.078823319,0.10186084,5,7,0.18068416,0.030316213
2008-12-31,1006,3,3,T+3,False,-0.040334182,0.076487971,5,7,0.11682215,0.018993689
2009-01-30,1026,3,3,T+3,True,-0.013875935,-0.0027834987,5,7,0.011092436,0.0023775443
2009-02-27,1045,3,3,T+3,True,-0.10148785,-0.037509609,5,7,0.063978244,0.014939055
2009-03-31,1067,3,3,T+3,False,0.028951014,0.035542922,5,7,0.0065919076,-0.00071264258
2009-04-30,1088,3,3,T+3,False,-0.0035876821,0.044947927,5,7,0.048535609,0.0071386689
2009-05-29,1108,3,3,T+3,True,0.0039776922,0.051766224,5,7,0.047788532,0.0065996365
2009-06-30,1130,3,3,T+3,False,-0.0096185986,-0.0029076241,5,7,0.0067109745,0.0015083449
2009-07-31,1152,3,3,T+3,True,0.033514425,0.020888634,5,7,-0.012625791,-0.0037187944
2009-08-31,1173,3,3,T+3,False,0.040501623,-0.024342772,5,7,-0.064844396,-0.011577864
2009-09-30,1194,3,3,T+3,False,-0.015419888,-0.0088837049,5,7,0.0065361828,0.0018148768
2009-10-30,1216,3,3,T+3,True,-0.026365379,-0.017925419,5,7,0.0084399608,0.0027123018
2009-11-30,1236,3,3,T+3,False,-0.0033475166,-0.003739439,5,7,-0.00039192238,0.00013529775
2009-12-31,1258,3,3,T+3,False,0.02610356,0.011050007,5,7,-0.015053552,-0.0036421395
2010-01-29,1277,3,3,T+3,True,-0.034077491,0.00087268437,5,7,0.034950175,0.0069401674
2010-02-26,1296,3,3,T+3,True,0.028601274,0.010342441,5,7,-0.018258833,-0.0042427632
2010-03-31,1319,3,3,T+3,False,0.000807461,0.020322358,5,7,0.019514897,0.0027417018
2010-04-30,1340,3,3,T+3,True,0.012814833,-0.037172786,5,7,-0.049987619,-0.0078733646
2010-05-28,1360,3,3,T+3,True,-0.055321568,0.028556455,5,7,0.083878023,0.015143807
2010-06-30,1382,3,3,T+3,False,-0.037993714,-0.042733981,5,7,-0.0047402666,0.0014938884
2010-07-30,1403,3,3,T+3,True,0.039478389,0.012834146,5,7,-0.026644243,-0.0060622284
2010-08-31,1425,3,3,T+3,False,-0.0354432,0.046438244,5,7,0.081881444,0.013722675
2010-09-30,1446,3,3,T+3,False,0.020841636,0.01078843,5,7,-0.010053206,-0.0026271229
2010-10-29,1467,3,3,T+3,True,0.003660375,0.010482982,5,7,0.0068226074,0.00076549391
2010-11-30,1488,3,3,T+3,False,0.0026393135,0.037258701,5,7,0.034619387,0.0047948088
2010-12-31,1510,3,3,T+3,True,0.010802233,0.015745158,5,7,0.004942925,8.8861703e-05
2011-01-31,1530,3,3,T+3,False,-0.0026695733,0.012668839,5,7,0.015338413,0.0023437488
2011-02-28,1549,3,3,T+3,False,-0.011850485,0.012711281,5,7,0.024561767,0.0041859944
2011-03-31,1572,3,3,T+3,False,0.027491803,0.014702951,5,7,-0.012788852,-0.0033979391
2011-04-29,1592,3,3,T+3,True,0.012217543,0.0089482337,5,7,-0.003269309,-0.0011651894
2011-05-31,1613,3,3,T+3,False,-0.0090718714,-0.0112933,5,7,-0.0022214287,0.00020104569
2011-06-30,1635,3,3,T+3,False,-0.0016988386,0.055234959,5,7,0.056933798,0.0082304762
2011-07-29,1655,3,3,T+3,True,0.024588028,-0.058357226,5,7,-0.082945254,-0.013254352
2011-08-31,1678,3,3,T+3,False,0.016216562,0.0070201868,5,7,-0.0091963757,-0.0022404287
2011-09-30,1699,3,3,T+3,True,-0.033143232,-0.014344271,5,7,0.018798961,0.0045794649
2011-10-31,1720,3,3,T+3,False,0.0043468677,0.027300958,5,7,0.022954091,0.0030307634
2011-11-30,1741,3,3,T+3,False,-0.061957885,0.080916381,5,7,0.14287427,0.02395106
2011-12-30,1762,3,3,T+3,True,0.039302337,0.013248193,5,7,-0.026054144,-0.0059678684
2012-01-31,1782,3,3,T+3,False,0.013645873,0.014965093,5,7,0.0013192201,-0.00059130413
2012-02-29,1802,3,3,T+3,False,0.015327889,0.00089530239,5,7,-0.014432587,-0.0029376775
2012-03-30,1824,3,3,T+3,True,0.0054982218,-0.01234536,5,7,-0.017843581,-0.0028632672
2012-04-30,1844,3,3,T+3,False,-0.012753167,0.014182763,5,7,0.02693593,0.0045767423
2012-05-31,1866,3,3,T+3,False,0.01284931,-0.025937778,5,7,-0.038787088,-0.0062752588
2012-06-29,1887,3,3,T+3,True,-0.022738352,0.041183168,5,7,0.06392152,0.01043098
2012-07-31,1908,3,3,T+3,False,-0.025021904,0.039964413,5,7,0.064986317,0.010713583
2012-08-31,1931,3,3,T+3,True,-0.0045471594,0.015846147,5,7,0.020393306,0.0031731671
2012-09-28,1950,3,3,T+3,True,-0.0021517351,-0.003739428,5,7,-0.0015876929,-0.00010385698
2012-10-31,1971,3,3,T+3,False,-0.028486525,0.0031114689,5,7,0.031597993,0.0061418005
2012-11-30,1992,3,3,T+3,True,0.034022564,0.0032290945,5,7,-0.030793469,-0.0063432135
2012-12-31,2012,3,3,T+3,False,-0.002717865,0.028376569,5,7,0.031094434,0.0045973686
2013-01-31,2033,3,3,T+3,False,0.015106353,0.0054779386,5,7,-0.0096284141,-0.0022387079
2013-02-28,2052,3,3,T+3,False,-0.0024812523,0.015993573,5,7,0.018474825,0.0027810466
2013-03-28,2072,3,3,T+3,False,-0.0013799036,-0.0022846236,5,7,-0.00090472002,-5.0394084e-05
2013-04-30,2094,3,3,T+3,False,0.017810457,0.022017989,5,7,0.0042075327,-0.00041666427
2013-05-31,2116,3,3,T+3,True,-0.009787489,-0.024479838,5,7,-0.014692349,-0.0015396219
2013-06-28,2136,3,3,T+3,True,-0.040125038,0.026638268,5,7,0.066763305,0.011830474
2013-07-31,2158,3,3,T+3,False,0.00036551835,0.010486426,5,7,0.010120907,0.0014249571
2013-08-30,2180,3,3,T+3,True,0.0075150501,-6.0409172e-05,5,7,-0.0075754593,-0.0015116399
2013-09-30,2200,3,3,T+3,False,-0.0040771642,-0.011224521,5,7,-0.0071473566,-0.00078807013
2013-10-31,2223,3,3,T+3,False,0.0089423239,0.0018508104,5,7,-0.0070915135,-0.0015240633
2013-11-29,2243,3,3,T+3,True,0.0042550818,-0.0059928655,5,7,-0.010247947,-0.00170714
2013-12-31,2264,3,3,T+3,False,0.02925428,-0.0030649852,5,7,-0.032319265,-0.006288711
2014-01-31,2285,3,3,T+3,True,-0.030864862,-0.015675549,5,7,0.015189313,0.0039336082
2014-02-28,2304,3,3,T+3,True,0.004870777,0.015367737,5,7,0.01049696,0.0012212356
2014-03-31,2325,3,3,T+3,False,-0.0027692605,0.012467219,5,7,0.015236479,0.0023348834
2014-04-30,2346,3,3,T+3,False,0.0091087049,0.0031857823,5,7,-0.0059229226,-0.0013666292
2014-05-30,2367,3,3,T+3,True,0.012222769,0.014835081,5,7,0.0026123123,-0.00032525649
2014-06-30,2388,3,3,T+3,False,0.0041551606,0.017856753,5,7,0.013701593,0.0017199326
2014-07-31,2410,3,3,T+3,False,6.9346387e-05,-0.029028672,5,7,-0.029098018,-0.0041608224
2014-08-29,2431,3,3,T+3,True,0.014316429,4.7448116e-05,5,7,-0.014268981,-0.0028565075
2014-09-30,2452,3,3,T+3,False,-0.0011935243,-0.01503408,5,7,-0.013840556,-0.0019090209
2014-10-31,2475,3,3,T+3,True,0.03064242,0.031190933,5,7,0.00054851275,-0.0016726365
2014-11-28,2494,3,3,T+3,True,0.01190621,0.0058938572,5,7,-0.0060123524,-0.0015392623
2014-12-31,2516,3,3,T+3,False,0.035022707,-0.038741966,5,7,-0.073764673,-0.012539108
2015-01-30,2536,3,3,T+3,True,0.018905078,-0.0063141873,5,7,-0.025219266,-0.0046830424
2015-02-27,2555,3,3,T+3,True,0.0068092466,-0.0046082247,5,7,-0.011417471,-0.0020201671
2015-03-31,2577,3,3,T+3,False,-0.017960898,0.010154254,5,7,0.028115152,0.0050427873
2015-04-30,2598,3,3,T+3,False,0.017689813,-0.012880931,5,7,-0.030570744,-0.0053780956
2015-05-29,2618,3,3,T+3,True,0.0025937502,-0.0049112355,5,7,-0.0075049857,-0.0012203551
2015-06-30,2640,3,3,T+3,False,0.004526721,-0.017858295,5,7,-0.022385016,-0.0034565293
2015-07-31,2662,3,3,T+3,True,-0.027572391,0.015829736,5,7,0.043402128,0.0077758692
2015-08-31,2683,3,3,T+3,False,-0.11277279,0.044936092,5,7,0.15770888,0.028974
2015-09-30,2704,3,3,T+3,False,-0.029368748,0.029229632,5,7,0.05859838,0.010049411
2015-10-30,2726,3,3,T+3,True,0.017913666,0.01623875,5,7,-0.0016749155,-0.0012629117
2015-11-30,2746,3,3,T+3,False,0.016747299,-0.016535231,5,7,-0.03328253,-0.0057116357
2015-12-31,2768,3,3,T+3,False,0.010200375,-0.033665196,5,7,-0.043865571,-0.0068493887
2016-01-29,2787,3,3,T+3,True,-0.00053884822,0.019866058,5,7,0.020404906,0.0029457779
2016-02-29,2807,3,3,T+3,False,0.013557995,0.038373067,5,7,0.024815073,0.0027702678
2016-03-31,2829,3,3,T+3,False,-0.0022908492,0.005323793,5,7,0.0076146423,0.0012187117
2016-04-29,2850,3,3,T+3,True,-0.0030395845,-0.017324159,5,7,-0.014284575,-0.001866963
2016-05-31,2871,3,3,T+3,False,0.014680905,0.011486734,5,7,-0.0031941704,-0.0012952189
2016-06-30,2893,3,3,T+3,False,-0.0152936,0.031629997,5,7,0.046923596,0.0075772909
2016-07-29,2913,3,3,T+3,True,0.0010762506,-0.0022237159,5,7,-0.0032999665,-0.00053292382
2016-08-31,2936,3,3,T+3,False,-0.0053581526,0.0060338605,5,7,0.011392013,0.0019336106
2016-09-30,2957,3,3,T+3,True,0.0039675287,0.0065127509,5,7,0.0025452222,0.00013688725
2016-10-31,2978,3,3,T+3,False,0.0021033485,-0.025516591,5,7,-0.027619939,-0.004065897
2016-11-30,2999,3,3,T+3,False,0.012861086,0.001272556,5,7,-0.01158853,-0.0023904235
2016-12-30,3020,3,3,T+3,True,0.0028876122,0.0030026571,5,7,0.00011504487,-0.00014857143
2017-01-31,3040,3,3,T+3,False,0.012335456,-0.0010980262,5,7,-0.013433482,-0.002623952
2017-02-28,3059,3,3,T+3,False,0.010908945,0.008979263,5,7,-0.0019296816,-0.00089903707
2017-03-31,3082,3,3,T+3,True,-0.013457636,0.0047788336,5,7,0.018236469,0.0033742176
2017-04-28,3101,3,3,T+3,True,0.010969908,0.0053062159,5,7,-0.0056636921,-0.0014359507
2017-05-31,3123,3,3,T+3,False,0.019974749,0.013737599,5,7,-0.0062371493,-0.0020324355
2017-06-30,3145,3,3,T+3,True,-0.0057838167,-0.011449029,5,7,-0.0056652124,-0.00047881224
2017-07-31,3165,3,3,T+3,False,0.0069318626,-0.0021522128,5,7,-0.0090840754,-0.0016938315
2017-08-31,3188,3,3,T+3,False,0.0074623977,0.0093058709,5,7,0.0018434733,-0.0001630694
2017-09-29,3208,2,2,T+2,True,-0.0037647257,0.016026854,5,6,0.01979158,0.0034240874
2017-10-31,3230,2,2,T+2,False,-0.00084618126,0.010789171,5,6,0.011635353,0.0019674315
2017-11-30,3251,2,2,T+2,False,0.0089235546,0.011107146,5,6,0.0021835917,6.6480128e-05
2017-12-29,3271,2,2,T+2,True,-0.0040326113,0.016139355,5,6,0.020171966,0.0034964147
2018-01-31,3292,2,2,T+2,False,0.021586799,-0.081463011,5,6,-0.10304981,-0.017894528
2018-02-28,3311,2,2,T+2,False,0.0059728049,-0.0092214516,5,6,-0.015194257,-0.0027314696
2018-03-29,3332,2,2,T+2,False,-0.019514556,-0.0056653102,5,6,0.013849245,0.0029586928
2018-04-30,3353,2,2,T+2,False,-0.025532479,-0.0041605525,5,6,0.021371926,0.0044130704
2018-05-31,3375,2,2,T+2,False,0.0026847215,0.010562955,5,6,0.0078782333,0.0012235482
2018-06-29,3396,2,2,T+2,True,-0.014515239,0.0051821787,5,6,0.019697417,0.0037667442
2018-07-31,3417,2,2,T+2,False,0.01152238,0.00051948823,5,6,-0.011002892,-0.0022178947
2018-08-31,3440,2,2,T+2,True,0.012065964,-0.0065531245,5,6,-0.018619089,-0.0035053803
2018-09-28,3459,2,2,T+2,True,0.0035795262,0.0028286991,5,6,-0.00075082711,-0.00024445539
2018-10-31,3482,2,2,T+2,False,-0.039979334,0.029649081,5,6,0.069628415,0.01293738
2018-11-30,3503,2,2,T+2,True,-0.0027366821,0.0056991943,5,6,0.0084358764,0.0014972021
2018-12-31,3522,2,2,T+2,False,-0.028110779,0.025255782,5,6,0.053366561,0.0098314528
2019-01-31,3543,2,2,T+2,False,-0.010492853,0.034432293,5,6,0.044925146,0.0078372862
2019-02-28,3562,2,2,T+2,False,0.0072735696,-0.0023330933,5,6,-0.009606663,-0.0018435628
2019-03-29,3583,2,2,T+2,True,-0.0047386249,0.018223592,5,6,0.022962217,0.0039849904
2019-04-30,3604,2,2,T+2,False,0.0085134316,0.0062799735,5,6,-0.002233458,-0.00065602406
2019-05-31,3626,2,2,T+2,True,-0.013767325,0.0098216231,5,6,0.023588948,0.0043904022
2019-06-28,3646,2,2,T+2,True,-0.0010891976,0.02686665,5,6,0.027955848,0.0046956146
2019-07-31,3668,2,2,T+2,False,0.01582249,-0.062010947,5,6,-0.077833437,-0.013499656
2019-08-30,3690,2,2,T+2,True,-0.011110532,0.037266487,5,6,0.048377019,0.0084331875
2019-09-30,3710,2,2,T+2,False,-0.007330412,-0.024619432,5,6,-0.01728902,-0.0026371563
2019-10-31,3733,2,2,T+2,False,0.010686096,0.011916728,5,6,0.001230632,-0.00015109788
2019-11-29,3753,2,2,T+2,True,0.0040504233,-0.0063876885,5,6,-0.010438112,-0.0018746994
2019-12-31,3774,2,2,T+2,False,0.015057733,0.0019005694,5,6,-0.013157164,-0.0026947851
2020-01-31,3795,2,2,T+2,True,-0.013477791,0.018113641,5,6,0.031591432,0.0057144983
2020-02-28,3814,2,2,T+2,True,-0.073395351,0.0036412701,5,6,0.077036621,0.015285948
2020-03-31,3836,2,2,T+2,False,0.095301302,-0.0486203,5,6,-0.1439216,-0.027163644
2020-04-30,3857,2,2,T+2,False,0.020093879,-0.0022333715,5,6,-0.022327251,-0.0043910044
2020-05-29,3877,2,2,T+2,True,0.014007529,0.043084926,5,6,0.029077398,0.0043793153
2020-06-30,3899,2,2,T+2,False,-0.0095150947,0.03167029,5,6,0.041185384,0.0071814005
2020-07-31,3921,2,2,T+2,True,-0.01175283,0.033635667,5,6,0.045388497,0.0079565105
2020-08-31,3942,2,2,T+2,False,0.030297281,-0.0055351073,5,6,-0.035832389,-0.0069819742
2020-09-30,3963,2,2,T+2,False,-0.0053238543,0.033381147,5,6,0.038705001,0.0066282953
2020-10-30,3985,2,2,T+2,True,-0.014959618,0.016750884,5,6,0.031710503,0.0057837377
2020-11-30,4005,2,2,T+2,False,0.0074202733,0.0095635005,5,6,0.0021432272,0.00010986209
2020-12-31,4027,2,2,T+2,False,0.0081001616,0.0038303722,5,6,-0.0042697894,-0.00098163696
2021-01-29,4046,2,2,T+2,True,0.013577462,-0.0043028207,5,6,-0.017880283,-0.0034326292
2021-02-26,4065,2,2,T+2,True,-0.012276899,-0.01504796,5,6,-0.002771061,-5.2613521e-05
2021-03-31,4088,2,2,T+2,False,0.016767245,0.025450803,5,6,0.0086835585,0.00088835159
2021-04-30,4109,2,2,T+2,True,0.013038468,-0.0041892417,5,6,-0.01722771,-0.0033059005
2021-05-28,4129,2,2,T+2,True,0.015290165,0.0012742177,5,6,-0.014015947,-0.0028456633
2021-06-30,4151,2,2,T+2,False,0.027914802,0.014742688,5,6,-0.013172114,-0.0031258458
2021-07-30,4172,2,2,T+2,True,0.018365652,-1.3028283e-05,5,6,-0.018378681,-0.0036753018
2021-08-31,4194,2,2,T+2,False,0.014525929,0.015210698,5,6,0.00068476843,-0.00037006958
2021-09-30,4215,2,2,T+2,False,0.019740167,-0.0213073,5,6,-0.041047468,-0.0074992502
2021-10-29,4236,2,2,T+2,True,0.011751195,0.019103534,5,6,0.0073523386,0.00083368326
2021-11-30,4257,2,2,T+2,False,0.0027780487,-0.033999991,5,6,-0.036778039,-0.0062222748
2021-12-31,4279,2,2,T+2,True,0.047300782,-0.017769273,5,6,-0.065070056,-0.012421702
2022-01-31,4299,2,2,T+2,False,-0.041207022,0.030825279,5,6,0.072032301,0.013378951
2022-02-28,4318,2,2,T+2,False,-0.055259898,0.032660689,5,6,0.087920587,0.016495428
2022-03-31,4341,2,2,T+2,False,0.025789093,-0.010563145,5,6,-0.036352239,-0.0069183429
2022-04-29,4361,2,2,T+2,True,-0.066465401,0.031968311,5,6,0.098433712,0.018621132
2022-05-31,4382,2,2,T+2,False,0.014016025,0.033198132,5,6,0.019182107,0.002729817
2022-06-30,4403,2,2,T+2,False,0.060810656,-0.013946261,5,6,-0.074756918,-0.014486508
2022-07-29,4423,2,2,T+2,True,-0.0038252102,0.05861472,5,6,0.06243993,0.010534162
2022-08-31,4446,2,2,T+2,False,-0.040317156,-0.037066458,5,6,0.0032506986,0.0018856883
2022-09-30,4467,2,2,T+2,True,-0.055681949,0.037599282,5,6,0.093281231,0.017402937
2022-10-31,4488,2,2,T+2,False,0.035804427,-0.029500185,5,6,-0.065304612,-0.012077583
2022-11-30,4509,2,2,T+2,False,0.019605015,-0.0070665108,5,6,-0.026671526,-0.0050987548
2022-12-30,4530,2,2,T+2,True,0.0030186602,-0.0060087654,5,6,-0.0090274256,-0.0016051929
2023-01-31,4550,2,2,T+2,False,0.040013588,0.017923355,5,6,-0.022090233,-0.0050154918
2023-02-28,4569,2,2,T+2,False,-0.033320995,0.0078805122,5,6,0.041201507,0.0079776176
2023-03-31,4592,2,2,T+2,True,-0.0090749077,0.029003932,5,6,0.03807884,0.0066489702
2023-04-28,4611,2,2,T+2,True,-0.020670648,0.0038944962,5,6,0.024565145,0.0047832124
2023-05-31,4633,2,2,T+2,False,-0.01188678,0.028587514,5,6,0.040474293,0.0071419415
2023-06-30,4654,2,2,T+2,True,-0.0032233937,0.0068408873,5,6,0.010064281,0.0017848266
2023-07-31,4674,2,2,T+2,False,-0.00032978851,-0.015829884,5,6,-0.015500096,-0.0025723564
2023-08-31,4697,2,2,T+2,False,0.0069060778,0.0066651065,5,6,-0.00024097127,-0.00027036447
2023-09-29,4717,2,2,T+2,True,-0.039514624,-0.0040028518,5,6,0.035511772,0.0072357827
2023-10-31,4739,2,2,T+2,False,-0.033863331,0.051392178,5,6,0.085255509,0.015338029
2023-11-30,4760,2,2,T+2,False,0.0071476125,0.0034430881,5,6,-0.0037045245,-0.0008556745
2023-12-29,4780,2,2,T+2,True,0.0068988016,-0.018938846,5,6,-0.025837648,-0.0045362347
2024-01-31,4801,2,2,T+2,False,0.0092582734,0.0095601125,5,6,0.00030183911,-0.00025830259
2024-02-29,4821,2,2,T+2,False,0.012081434,0.001205239,5,6,-0.010876195,-0.0022154136
2024-03-28,4841,2,2,T+2,False,0.012412782,-0.0018772958,5,6,-0.014290078,-0.002795439
2024-04-30,4863,2,2,T+2,False,0.0070325398,0.014425358,5,6,0.0073928178,0.0009977183
2024-05-31,4885,1,1,T+1,True,-0.010914159,0.015250328,5,5,0.026164487,0.0052328975
2024-06-28,4904,1,1,T+1,True,-0.0032476793,0.0098530982,5,5,0.013100778,0.0026201555
2024-07-31,4926,1,1,T+1,False,-0.018679288,-0.051728649,5,5,-0.033049361,-0.0066098722
2024-08-30,4948,1,1,T+1,True,-0.0050300339,-0.016407589,5,5,-0.011377555,-0.002275511
