month,T,cutoff,S,n_auctions,n_issued_total,median_prev,ratio,q
2004-01,2004-01-30,2004-01-26,7.2e+10,1,1,,,
2004-02,2004-02-27,2004-02-23,3.214e+11,4,4,,,
2004-03,2004-03-31,2004-03-25,2.621e+11,4,4,,,
2004-04,2004-04-30,2004-04-26,1.214e+11,2,2,,,
2004-05,2004-05-28,2004-05-24,2.592e+11,3,3,,,
2004-06,2004-06-30,2004-06-24,2.455e+11,4,4,,,
2004-07,2004-07-30,2004-07-26,6.75e+10,1,1,,,
2004-08,2004-08-31,2004-08-25,3.365e+11,5,5,,,
2004-09,2004-09-30,2004-09-24,1.422e+11,2,3,,,
2004-10,2004-10-29,2004-10-25,6.75e+10,1,1,,,
2004-11,2004-11-30,2004-11-23,3.739e+11,5,5,,,
2004-12,2004-12-31,2004-12-27,1.878e+11,3,3,,,
2005-01,2005-01-31,2005-01-25,1.131e+11,2,2,2.1665e+11,0.52204016,0.52204016
2005-02,2005-02-28,2005-02-22,2.909e+11,4,4,2.1665e+11,1.3427187,1.3427187
2005-03,2005-03-31,2005-03-24,1.422e+11,2,3,2.1665e+11,0.65635818,0.65635818
2005-04,2005-04-29,2005-04-25,6.75e+10,1,1,1.65e+11,0.40909091,0.5
2005-05,2005-05-31,2005-05-24,3.327e+11,5,5,1.65e+11,2.0163636,2
2005-06,2005-06-30,2005-06-24,1.294e+11,2,3,1.65e+11,0.78424242,0.78424242
2005-07,2005-07-29,2005-07-25,5.85e+10,1,1,1.422e+11,0.41139241,0.5
2005-08,2005-08-31,2005-08-25,2.928e+11,5,5,1.422e+11,2.0590717,2
2005-09,2005-09-30,2005-09-26,1.629e+11,3,3,1.422e+11,1.1455696,1.1455696
2005-10,2005-10-31,2005-10-25,9.65e+10,2,2,1.5255e+11,0.63257948,0.63257948
2005-11,2005-11-30,2005-11-23,2.548e+11,4,4,1.5255e+11,1.670272,1.670272
2005-12,2005-12-30,2005-12-23,1.249e+11,2,2,1.5255e+11,0.81874795,0.81874795
2006-01,2006-01-31,2006-01-25,1.383e+11,3,3,1.358e+11,1.0184094,1.0184094
2006-02,2006-02-28,2006-02-22,5.235e+11,5,5,1.4025e+11,3.7326203,2
2006-03,2006-03-31,2006-03-27,1.712e+11,3,3,1.4025e+11,1.2206774,1.2206774
2006-04,2006-04-28,2006-04-24,0,0,0,1.506e+11,0,0.5
2006-05,2006-05-31,2006-05-24,3.763e+11,6,6,1.506e+11,2.498672,2
2006-06,2006-06-30,2006-06-26,1.712e+11,3,3,1.506e+11,1.1367862,1.1367862
2006-07,2006-07-31,2006-07-25,1.048e+11,2,2,1.6705e+11,0.62735708,0.62735708
2006-08,2006-08-31,2006-08-25,4.515e+11,5,5,1.6705e+11,2.7027836,2
2006-09,2006-09-29,2006-09-25,6.64e+10,1,1,1.6705e+11,0.39748578,0.5
2006-10,2006-10-31,2006-10-25,2.02e+11,4,4,1.5475e+11,1.3053312,1.3053312
2006-11,2006-11-30,2006-11-24,2.621e+11,4,4,1.712e+11,1.5309579,1.5309579
2006-12,2006-12-29,2006-12-22,6.64e+10,1,1,1.712e+11,0.38785047,0.5
2007-01,2007-01-31,2007-01-25,1.93e+11,4,4,1.712e+11,1.1273364,1.1273364
2007-02,2007-02-28,2007-02-22,4.074e+11,5,5,1.821e+11,2.2372323,2
2007-03,2007-03-30,2007-03-26,6.64e+10,1,1,1.821e+11,0.36463482,0.5
2007-04,2007-04-30,2007-04-24,1.854e+11,4,4,1.821e+11,1.0181219,1.0181219
2007-05,2007-05-31,2007-05-24,3.298e+11,5,5,1.892e+11,1.743129,1.743129
2007-06,2007-06-29,2007-06-25,6.64e+10,1,1,1.892e+11,0.35095137,0.5
2007-07,2007-07-31,2007-07-25,1.854e+11,4,4,1.892e+11,0.97991543,0.97991543
2007-08,2007-08-31,2007-08-27,3.626e+11,4,4,1.892e+11,1.9164905,1.9164905
2007-09,2007-09-28,2007-09-24,6.64e+10,1,1,1.892e+11,0.35095137,0.5
2007-10,2007-10-31,2007-10-25,1.892e+11,4,4,1.892e+11,1,1
2007-11,2007-11-30,2007-11-26,2.944e+11,4,4,1.873e+11,1.5718099,1.5718099
2007-12,2007-12-31,2007-12-24,1.667e+11,3,3,1.873e+11,0.89001602,0.89001602
2008-01,2008-01-31,2008-01-25,1.086e+11,2,2,1.873e+11,0.57981847,0.57981847
2008-02,2008-02-29,2008-02-25,3.913e+11,4,4,1.854e+11,2.1105717,2
2008-03,2008-03-31,2008-03-25,2.172e+11,3,3,1.854e+11,1.171521,1.171521
2008-04,2008-04-30,2008-04-24,1.425e+11,2,2,1.873e+11,0.76081153,0.76081153
2008-05,2008-05-30,2008-05-23,2.325e+11,2,2,1.873e+11,1.2413241,1.2413241
2008-06,2008-06-30,2008-06-24,3.808e+11,5,5,1.873e+11,2.033102,2
2008-07,2008-07-31,2008-07-25,1.534e+11,2,2,2.032e+11,0.75492126,0.75492126
2008-08,2008-08-29,2008-08-25,3.211e+11,2,2,2.032e+11,1.5802165,1.5802165
2008-09,2008-09-30,2008-09-24,4.32e+11,5,5,2.032e+11,2.1259843,2
2008-10,2008-10-31,2008-10-27,5.046e+11,6,6,2.2485e+11,2.2441628,2
2008-11,2008-11-28,2008-11-21,4.16e+11,3,3,2.6345e+11,1.5790473,1.5790473
2008-12,2008-12-31,2008-12-24,5.948e+11,6,6,2.768e+11,2.1488439,2
2009-01,2009-01-30,2009-01-26,2.168e+11,2,2,3.5095e+11,0.61775182,0.61775182
2009-02,2009-02-27,2009-02-23,7.269e+11,5,5,3.5095e+11,2.0712352,2
2009-03,2009-03-31,2009-03-25,1.1768e+12,9,9,3.5095e+11,3.3531842,2
2009-04,2009-04-30,2009-04-24,6.421e+11,5,5,3.984e+11,1.6116968,1.6116968
2009-05,2009-05-29,2009-05-22,5.326e+11,3,3,4.24e+11,1.2561321,1.2561321
2009-06,2009-06-30,2009-06-24,1.2583e+12,9,9,4.683e+11,2.6869528,2
2009-07,2009-07-31,2009-07-27,8.826e+11,6,6,5.186e+11,1.7018897,1.7018897
2009-08,2009-08-31,2009-08-25,9.934e+11,6,6,5.637e+11,1.7622849,1.7622849
2009-09,2009-09-30,2009-09-24,9.299e+11,6,6,6.1845e+11,1.5035977,1.5035977
2009-10,2009-10-30,2009-10-26,4.912e+11,3,3,6.845e+11,0.71760409,0.71760409
2009-11,2009-11-30,2009-11-23,1.5388e+12,9,9,6.845e+11,2.2480643,2
2009-12,2009-12-31,2009-12-24,9.913e+11,6,6,8.0475e+11,1.2318111,1.2318111
2010-01,2010-01-29,2010-01-25,5.203e+11,3,3,9.0625e+11,0.57412414,0.57412414
2010-02,2010-02-26,2010-02-22,1.0785e+12,6,6,9.0625e+11,1.190069,1.190069
2010-03,2010-03-31,2010-03-25,1.4623e+12,9,9,9.606e+11,1.5222777,1.5222777
2010-04,2010-04-30,2010-04-26,9.913e+11,6,6,9.606e+11,1.0319592,1.0319592
2010-05,2010-05-28,2010-05-24,5.936e+11,3,3,9.913e+11,0.59880964,0.59880964
2010-06,2010-06-30,2010-06-24,1.3941e+12,9,9,9.913e+11,1.4063351,1.4063351
2010-07,2010-07-30,2010-07-26,5.063e+11,3,3,9.913e+11,0.51074347,0.51074347
2010-08,2010-08-31,2010-08-25,1.413e+12,9,9,9.913e+11,1.425401,1.425401
2010-09,2010-09-30,2010-09-24,9.064e+11,6,6,9.913e+11,0.91435489,0.91435489
2010-10,2010-10-29,2010-10-25,4.979e+11,3,3,9.913e+11,0.50226975,0.50226975
2010-11,2010-11-30,2010-11-23,1.3844e+12,9,9,9.913e+11,1.39655,1.39655
2010-12,2010-12-31,2010-12-27,9.017e+11,6,6,9.913e+11,0.90961364,0.90961364
2011-01,2011-01-31,2011-01-25,9.017e+11,6,6,9.4885e+11,0.95030827,0.95030827
2011-02,2011-02-28,2011-02-22,9.806e+11,6,6,9.4885e+11,1.0334616,1.0334616
2011-03,2011-03-31,2011-03-25,9.017e+11,6,6,9.435e+11,0.95569687,0.95569687
2011-04,2011-04-29,2011-04-25,4.979e+11,3,3,9.0405e+11,0.55074387,0.55074387
2011-05,2011-05-31,2011-05-24,1.3844e+12,9,9,9.017e+11,1.5353222,1.5353222
2011-06,2011-06-30,2011-06-24,9.017e+11,6,6,9.0405e+11,0.99740059,0.99740059
2011-07,2011-07-29,2011-07-25,4.979e+11,3,3,9.017e+11,0.55217922,0.55217922
2011-08,2011-08-31,2011-08-25,1.3844e+12,9,9,9.017e+11,1.5353222,1.5353222
2011-09,2011-09-30,2011-09-26,9.017e+11,6,6,9.017e+11,1,1
2011-10,2011-10-31,2011-10-25,9.017e+11,6,6,9.017e+11,1,1
2011-11,2011-11-30,2011-11-23,9.806e+11,6,6,9.017e+11,1.0875014,1.0875014
2011-12,2011-12-30,2011-12-23,4.979e+11,3,3,9.017e+11,0.55217922,0.55217922
2012-01,2012-01-31,2012-01-25,1.3055e+12,9,9,9.017e+11,1.4478208,1.4478208
2012-02,2012-02-29,2012-02-23,9.806e+11,6,6,9.017e+11,1.0875014,1.0875014
2012-03,2012-03-30,2012-03-26,4.979e+11,3,3,9.017e+11,0.55217922,0.55217922
2012-04,2012-04-30,2012-04-24,1.3055e+12,9,9,9.017e+11,1.4478208,1.4478208
2012-05,2012-05-31,2012-05-24,9.806e+11,6,6,9.4115e+11,1.0419168,1.0419168
2012-06,2012-06-29,2012-06-25,4.979e+11,3,3,9.4115e+11,0.52903363,0.52903363
2012-07,2012-07-31,2012-07-25,1.3055e+12,9,9,9.4115e+11,1.3871328,1.3871328
2012-08,2012-08-31,2012-08-27,9.806e+11,6,6,9.806e+11,1,1
2012-09,2012-09-28,2012-09-24,4.979e+11,3,3,9.806e+11,0.50775036,0.50775036
2012-10,2012-10-31,2012-10-25,1.3055e+12,9,9,9.806e+11,1.3313278,1.3313278
2012-11,2012-11-30,2012-11-26,9.806e+11,6,6,9.806e+11,1,1
2012-12,2012-12-31,2012-12-24,9.017e+11,6,6,9.806e+11,0.91953906,0.91953906
2013-01,2013-01-31,2013-01-25,9.017e+11,6,6,9.806e+11,0.91953906,0.91953906
2013-02,2013-02-28,2013-02-22,9.806e+11,6,6,9.806e+11,1,1
2013-03,2013-03-28,2013-03-22,4.979e+11,3,3,9.806e+11,0.50775036,0.50775036
2013-04,2013-04-30,2013-04-24,1.3055e+12,9,9,9.806e+11,1.3313278,1.3313278
2013-05,2013-05-31,2013-05-24,9.806e+11,6,6,9.806e+11,1,1
2013-06,2013-06-28,2013-06-24,4.979e+11,3,3,9.806e+11,0.50775036,0.50775036
2013-07,2013-07-31,2013-07-25,1.3055e+12,9,9,9.806e+11,1.3313278,1.3313278
2013-08,2013-08-30,2013-08-26,5.768e+11,3,3,9.806e+11,0.5882113,0.5882113
2013-09,2013-09-30,2013-09-24,1.416e+12,9,9,9.4115e+11,1.5045423,1.5045423
2013-10,2013-10-31,2013-10-25,8.904e+11,6,6,9.806e+11,0.9080155,0.9080155
2013-11,2013-11-29,2013-11-22,5.712e+11,3,3,9.4115e+11,0.60691707,0.60691707
2013-12,2013-12-31,2013-12-24,1.2885e+12,9,9,9.017e+11,1.4289675,1.4289675
2014-01,2014-01-31,2014-01-27,8.904e+11,6,6,9.4115e+11,0.94607661,0.94607661
2014-02,2014-02-28,2014-02-24,9.693e+11,6,6,9.355e+11,1.0361304,1.0361304
2014-03,2014-03-31,2014-03-25,8.904e+11,6,6,9.2985e+11,0.9575738,0.9575738
2014-04,2014-04-30,2014-04-24,8.904e+11,6,6,9.2985e+11,0.9575738,0.9575738
2014-05,2014-05-30,2014-05-23,5.684e+11,3,3,8.904e+11,0.63836478,0.63836478
2014-06,2014-06-30,2014-06-24,1.2772e+12,9,9,8.904e+11,1.4344115,1.4344115
2014-07,2014-07-31,2014-07-25,8.763e+11,6,6,8.904e+11,0.98416442,0.98416442
2014-08,2014-08-29,2014-08-25,5.628e+11,3,3,8.904e+11,0.63207547,0.63207547
2014-09,2014-09-30,2014-09-24,1.2687e+12,9,9,8.904e+11,1.4248652,1.4248652
2014-10,2014-10-31,2014-10-27,8.763e+11,6,6,8.904e+11,0.98416442,0.98416442
2014-11,2014-11-28,2014-11-21,5.6e+11,3,3,8.904e+11,0.62893082,0.62893082
2014-12,2014-12-31,2014-12-24,1.2574e+12,9,9,8.904e+11,1.4121743,1.4121743
2015-01,2015-01-30,2015-01-26,4.755e+11,3,3,8.904e+11,0.53402965,0.53402965
2015-02,2015-02-27,2015-02-23,9.411e+11,6,6,8.8335e+11,1.0653761,1.0653761
2015-03,2015-03-31,2015-03-25,1.2489e+12,9,9,8.8335e+11,1.4138224,1.4138224
2015-04,2015-04-30,2015-04-24,8.622e+11,6,6,8.8335e+11,0.97605706,0.97605706
2015-05,2015-05-29,2015-05-22,5.544e+11,3,3,8.763e+11,0.63266005,0.63266005
2015-06,2015-06-30,2015-06-24,1.3165e+12,9,9,8.763e+11,1.5023394,1.5023394
2015-07,2015-07-31,2015-07-27,8.622e+11,6,6,8.763e+11,0.98390962,0.98390962
2015-08,2015-08-31,2015-08-25,1.0087e+12,6,6,8.6925e+11,1.1604257,1.1604257
2015-09,2015-09-30,2015-09-24,9.298e+11,6,6,9.087e+11,1.02322,1.02322
2015-10,2015-10-30,2015-10-26,4.755e+11,3,3,9.0305e+11,0.52654892,0.52654892
2015-11,2015-11-30,2015-11-23,1.3954e+12,9,9,8.96e+11,1.5573661,1.5573661
2015-12,2015-12-31,2015-12-24,8.622e+11,6,6,9.3545e+11,0.92169544,0.92169544
2016-01,2016-01-29,2016-01-25,4.755e+11,3,3,8.96e+11,0.53069196,0.53069196
2016-02,2016-02-29,2016-02-23,1.3584e+12,9,9,8.96e+11,1.5160714,1.5160714
2016-03,2016-03-31,2016-03-24,8.252e+11,6,6,8.96e+11,0.92098214,0.92098214
2016-04,2016-04-29,2016-04-25,4.492e+11,3,3,8.622e+11,0.52099281,0.52099281
2016-05,2016-05-31,2016-05-24,1.2801e+12,9,9,8.622e+11,1.4846903,1.4846903
2016-06,2016-06-30,2016-06-24,8.252e+11,6,6,8.96e+11,0.92098214,0.92098214
2016-07,2016-07-29,2016-07-25,4.492e+11,3,3,8.622e+11,0.52099281,0.52099281
2016-08,2016-08-31,2016-08-25,1.2801e+12,9,9,8.437e+11,1.5172455,1.5172455
2016-09,2016-09-30,2016-09-26,8.252e+11,6,6,8.437e+11,0.97807277,0.97807277
2016-10,2016-10-31,2016-10-25,8.252e+11,6,6,8.252e+11,1,1
2016-11,2016-11-30,2016-11-23,9.041e+11,6,6,8.252e+11,1.0956132,1.0956132
2016-12,2016-12-30,2016-12-23,4.492e+11,3,3,8.252e+11,0.54435288,0.54435288
2017-01,2017-01-31,2017-01-25,1.2012e+12,9,9,8.252e+11,1.4556471,1.4556471
2017-02,2017-02-28,2017-02-22,9.041e+11,6,6,8.252e+11,1.0956132,1.0956132
2017-03,2017-03-31,2017-03-27,8.252e+11,6,6,8.252e+11,1,1
2017-04,2017-04-28,2017-04-24,4.492e+11,3,3,8.252e+11,0.54435288,0.54435288
2017-05,2017-05-31,2017-05-24,1.3919e+12,9,9,8.252e+11,1.6867426,1.6867426
2017-06,2017-06-30,2017-06-26,8.252e+11,6,6,8.252e+11,1,1
2017-07,2017-07-31,2017-07-25,8.252e+11,6,6,8.252e+11,1,1
2017-08,2017-08-31,2017-08-25,9.041e+11,6,6,8.252e+11,1.0956132,1.0956132
2017-09,2017-09-29,2017-09-25,4.492e+11,3,3,8.252e+11,0.54435288,0.54435288
2017-10,2017-10-31,2017-10-25,1.2688e+12,9,9,8.252e+11,1.5375667,1.5375667
2017-11,2017-11-30,2017-11-24,9.619e+11,6,6,8.6465e+11,1.1124733,1.1124733
2017-12,2017-12-29,2017-12-22,4.492e+11,3,3,8.6465e+11,0.51951657,0.51951657
2018-01,2018-01-31,2018-01-25,1.259e+12,9,9,8.6465e+11,1.4560805,1.4560805
2018-02,2018-02-28,2018-02-22,9.505e+11,6,6,8.6465e+11,1.0992887,1.0992887
2018-03,2018-03-29,2018-03-23,4.867e+11,3,3,8.6465e+11,0.56288672,0.56288672
2018-04,2018-04-30,2018-04-24,1.2847e+12,9,9,8.6465e+11,1.4858035,1.4858035
2018-05,2018-05-31,2018-05-24,1.011e+12,6,6,9.273e+11,1.0902621,1.0902621
2018-06,2018-06-29,2018-06-25,5.242e+11,3,3,9.273e+11,0.5652971,0.5652971
2018-07,2018-07-31,2018-07-25,1.3541e+12,9,9,9.273e+11,1.460261,1.460261
2018-08,2018-08-31,2018-08-27,1.0621e+12,6,6,9.562e+11,1.1107509,1.1107509
2018-09,2018-09-28,2018-09-24,5.589e+11,3,3,9.8645e+11,0.56657712,0.56657712
2018-10,2018-10-31,2018-10-25,1.4351e+12,9,9,9.8645e+11,1.4548127,1.4548127
2018-11,2018-11-30,2018-11-26,1.1222e+12,6,6,9.8645e+11,1.1376147,1.1376147
2018-12,2018-12-31,2018-12-24,1.0525e+12,6,6,1.03655e+12,1.0153876,1.0153876
2019-01,2019-01-31,2019-01-25,1.0525e+12,6,6,1.0573e+12,0.99546013,0.99546013
2019-02,2019-02-28,2019-02-22,1.1314e+12,6,6,1.0525e+12,1.0749644,1.0749644
2019-03,2019-03-29,2019-03-25,5.936e+11,3,3,1.0573e+12,0.56143006,0.56143006
2019-04,2019-04-30,2019-04-24,1.9251e+12,9,9,1.0573e+12,1.8207699,1.8207699
2019-05,2019-05-31,2019-05-24,1.2011e+12,6,6,1.0573e+12,1.1360068,1.1360068
2019-06,2019-06-28,2019-06-24,5.938075e+11,4,4,1.09215e+12,0.54370508,0.54370508
2019-07,2019-07-31,2019-07-25,1.5114e+12,9,9,1.09215e+12,1.3838758,1.3838758
2019-08,2019-08-30,2019-08-26,6.725e+11,3,3,1.09215e+12,0.61575791,0.61575791
2019-09,2019-09-30,2019-09-24,1.5114e+12,9,9,1.08735e+12,1.3899848,1.3899848
2019-10,2019-10-31,2019-10-25,1.0525e+12,6,6,1.1268e+12,0.93406106,0.93406106
2019-11,2019-11-29,2019-11-22,8.815e+11,3,3,1.08735e+12,0.81068653,0.81068653
2019-12,2019-12-31,2019-12-24,1.5114e+12,9,9,1.0525e+12,1.4360095,1.4360095
2020-01,2020-01-31,2020-01-27,1.0525e+12,6,6,1.09195e+12,0.96387197,0.96387197
2020-02,2020-02-28,2020-02-24,6.725e+11,3,3,1.09195e+12,0.61587069,0.61587069
2020-03,2020-03-31,2020-03-25,1.5114e+12,9,9,1.0525e+12,1.4360095,1.4360095
2020-04,2020-04-30,2020-04-24,1.1158e+12,6,6,1.1268e+12,0.99023784,0.99023784
2020-05,2020-05-29,2020-05-22,7.792e+11,3,3,1.08415e+12,0.71871973,0.71871973
2020-06,2020-06-30,2020-06-24,2.2802e+12,11,11,1.0525e+12,2.1664608,2
2020-07,2020-07-31,2020-07-27,1.5255e+12,7,7,1.08415e+12,1.4070931,1.4070931
2020-08,2020-08-31,2020-08-25,1.8712e+12,7,7,1.08415e+12,1.7259604,1.7259604
2020-09,2020-09-30,2020-09-24,1.7888e+12,7,7,1.3136e+12,1.361754,1.361754
2020-10,2020-10-30,2020-10-26,8.501e+11,3,3,1.3136e+12,0.64715286,0.64715286
2020-11,2020-11-30,2020-11-23,3.0278e+12,11,11,1.3136e+12,2.3049635,2
2020-12,2020-12-31,2020-12-24,1.9697e+12,7,7,1.5114e+12,1.3032288,1.3032288
2021-01,2021-01-29,2021-01-25,9.098e+11,3,3,1.51845e+12,0.59916362,0.59916362
2021-02,2021-02-26,2021-02-22,2.0856e+12,7,7,1.51845e+12,1.3735059,1.3735059
2021-03,2021-03-31,2021-03-25,3.1441e+12,11,11,1.65715e+12,1.8972935,1.8972935
2021-04,2021-04-30,2021-04-26,2.0067e+12,7,7,1.83e+12,1.0965574,1.0965574
2021-05,2021-05-28,2021-05-24,9.887e+11,3,3,1.92045e+12,0.51482725,0.51482725
2021-06,2021-06-30,2021-06-24,3.1441e+12,11,11,1.92045e+12,1.6371684,1.6371684
2021-07,2021-07-30,2021-07-26,9.098e+11,3,3,1.92045e+12,0.47374313,0.5
2021-08,2021-08-31,2021-08-25,3.223e+12,11,11,1.92045e+12,1.6782525,1.6782525
2021-09,2021-09-30,2021-09-24,2.0067e+12,7,7,1.9882e+12,1.0093049,1.0093049
2021-10,2021-10-29,2021-10-25,9.098e+11,3,3,2.0067e+12,0.45338117,0.5
2021-11,2021-11-30,2021-11-23,3.0794e+12,11,11,2.0067e+12,1.5345592,1.5345592
2021-12,2021-12-31,2021-12-27,1.8264375e+12,8,8,2.0067e+12,0.91016968,0.91016968
2022-01,2022-01-31,2022-01-25,1.8826e+12,7,7,2.0067e+12,0.93815717,0.93815717
2022-02,2022-02-28,2022-02-22,1.7649e+12,7,7,2.0067e+12,0.87950366,0.87950366
2022-03,2022-03-31,2022-03-25,1.6085e+12,7,7,1.94465e+12,0.82714113,0.82714113
2022-04,2022-04-29,2022-04-25,7.71e+11,3,3,1.8545188e+12,0.41574128,0.5
2022-05,2022-05-31,2022-05-24,2.4165e+12,11,11,1.7956688e+12,1.3457382,1.3457382
2022-06,2022-06-30,2022-06-24,1.475e+12,7,7,1.8545188e+12,0.79535459,0.79535459
2022-07,2022-07-29,2022-07-25,7.363e+11,3,3,1.7956688e+12,0.41004222,0.5
2022-08,2022-08-31,2022-08-25,2.2212e+12,11,11,1.7956688e+12,1.2369765,1.2369765
2022-09,2022-09-30,2022-09-26,1.3693e+12,7,7,1.7956688e+12,0.76255713,0.76255713
2022-10,2022-10-31,2022-10-25,1.3539e+12,7,7,1.6867e+12,0.80269165,0.80269165
2022-11,2022-11-30,2022-11-23,1.4733e+12,7,7,1.6867e+12,0.87348076,0.87348076
2022-12,2022-12-30,2022-12-23,7.016e+11,3,3,1.54175e+12,0.45506729,0.5
2023-01,2023-01-31,2023-01-25,2.0062e+12,11,11,1.47415e+12,1.3609199,1.3609199
2023-02,2023-02-28,2023-02-22,1.4733e+12,7,7,1.47415e+12,0.9994234,0.9994234
2023-03,2023-03-31,2023-03-27,1.3539e+12,7,7,1.4733e+12,0.91895744,0.91895744
2023-04,2023-04-28,2023-04-24,7.016e+11,3,3,1.4213e+12,0.49363259,0.5
2023-05,2023-05-31,2023-05-24,2.1256e+12,11,11,1.4213e+12,1.4955323,1.4955323
2023-06,2023-06-30,2023-06-26,1.3539e+12,7,7,1.4213e+12,0.95257863,0.95257863
2023-07,2023-07-31,2023-07-25,1.3539e+12,7,7,1.3616e+12,0.99434489,0.99434489
2023-08,2023-08-31,2023-08-25,1.5787e+12,7,7,1.3616e+12,1.1594448,1.1594448
2023-09,2023-09-29,2023-09-25,7.737e+11,3,3,1.3616e+12,0.56822855,0.56822855
2023-10,2023-10-31,2023-10-25,2.2379e+12,11,11,1.3539e+12,1.6529286,1.6529286
2023-11,2023-11-30,2023-11-24,1.7063e+12,7,7,1.4136e+12,1.20706,1.20706
2023-12,2023-12-29,2023-12-22,8.251e+11,3,3,1.4136e+12,0.58368704,0.58368704
2024-01,2024-01-31,2024-01-25,2.4417e+12,11,11,1.4136e+12,1.727292,1.727292
2024-02,2024-02-29,2024-02-23,1.8339e+12,7,7,1.4136e+12,1.297326,1.297326
2024-03,2024-03-28,2024-03-22,8.765e+11,3,3,1.4663e+12,0.59776308,0.59776308
2024-04,2024-04-30,2024-04-24,2.6455e+12,11,11,1.4663e+12,1.8042011,1.8042011
2024-05,2024-05-31,2024-05-24,1.8959e+12,7,7,1.6425e+12,1.154277,1.154277
2024-06,2024-06-28,2024-06-24,8.821e+11,3,3,1.6425e+12,0.53704718,0.53704718
2024-07,2024-07-31,2024-07-25,2.6709e+12,11,11,1.6425e+12,1.6261187,1.6261187
2024-08,2024-08-30,2024-08-26,9.61e+11,3,3,1.7701e+12,0.54290718,0.54290718
2024-09,2024-09-30,2024-09-24,2.7114e+12,11,11,1.7701e+12,1.5317779,1.5317779
