,IS,IS,IS,OOS,OOS,OOS
,ief,spy,rb,ief,spy,rb
off,,,,,,
-10.0,2.961067062744,20.572969120902556,-11.560845813541958,2.903231695745988,-4.58004718222901,-0.6757299104491465
-9.0,3.640354373222829,-1.0126980965968975,-26.647462245608292,1.6234030312118906,-18.34626002467026,-20.32808644759229
-8.0,-2.2879446729260935,1.9451869515823899,-27.83798252380234,-8.111451477849602,-16.44869277042559,-5.003923384708092
-7.0,-1.1521541594200222,0.74227908540689,-13.831410860185738,-10.26088346527735,-8.293214491817217,-30.169404703568464
-6.0,0.8735074397520293,-4.90362888262994,-29.070535996316774,-8.570770036149124,22.93151574797323,4.829243451766098
-5.0,-0.33151461701929824,-7.018774523406146,0.418863358260825,2.388986149665127,8.266065681352485,18.279427257128916
-4.0,1.4043957609559985,-5.745443411887207,1.4992919797307924,17.930119010376494,23.017464506471054,4.8558143216876255
-3.0,-0.7120184344688028,19.165550551900637,27.41511747526617,7.79927329829466,21.20435044476826,-6.0734362601747955
-2.0,5.75337396883363,11.272087233358901,5.953384647184336,-2.8947056267147415,-15.512197712251364,5.196653457554637
-1.0,6.561790386505033,12.924615906980254,2.653641344638577,9.559326146873172,-5.567880362152088,-9.923405504735406
0.0,9.367970000834456,-6.393990716285812,17.697503878847094,2.4621518995541853,16.381538601605786,18.549144325672266
1.0,-0.37122377633837206,14.272757639838712,-26.885343360750753,-6.65197713761975,-1.7137844206660315,-31.3815249062416
2.0,0.650422622086883,7.466632396355526,-27.81119341319453,-0.20521744689328628,25.683365090547614,-37.38711911074526
3.0,-6.941693333434208,3.031837984773557,-36.88578513434173,0.7715584771697842,11.312181754682987,-41.698781342217146
4.0,3.9693148603198365,2.431792175640672,-30.556237508496086,-9.78557936666374,-38.02042583905318,-53.298460543155414
5.0,-6.929133597889185,3.7302498300111315,-16.131919951042473,-10.401962297506074,3.239878704589829,-15.753700020064525
