utc,family,name,period,cost_mult,params_hash,params,sharpe,ann_return,max_drawdown,turnover_per_year,n_days,git,note
2026-10-03T11:46:27+00:00,IFC,OOS_A_rebalance,OOS,1.0,acbe9d3c19,"{""bands"": null, ""bond"": ""IEF"", ""clip"": 2.0, ""cost_mult"": 1.0, ""equity"": ""SPY"", ""exec"": ""next_close"", ""extra_delay"": 0, ""hold"": null, ""min_hist"": 12, ""mode"": ""monthly"", ""obs"": -6, ""sleeve"": ""A"", ""target_vol"": 0.05, ""vol_window"": 63, ""w_equity"": 0.6, ""window"": [-4, 0]}",-0.7337,0.02681,-0.0195,16.34,501,5b62ac2,
2026-10-03T11:46:27+00:00,IFC,OOS_A_rebalance,OOS,2.0,dcba8ba481,"{""bands"": null, ""bond"": ""IEF"", ""clip"": 2.0, ""cost_mult"": 2.0, ""equity"": ""SPY"", ""exec"": ""next_close"", ""extra_delay"": 0, ""hold"": null, ""min_hist"": 12, ""mode"": ""monthly"", ""obs"": -6, ""sleeve"": ""A"", ""target_vol"": 0.05, ""vol_window"": 63, ""w_equity"": 0.6, ""window"": [-4, 0]}",-1.0055,0.02179,-0.0215,16.34,501,5b62ac2,
2026-10-03T11:46:27+00:00,IFC,OOS_B_dash,OOS,1.0,dead2e0c5d,"{""cost_mult"": 1.0, ""exec"": ""next_close"", ""extra_delay"": 0, ""k_fixed"": null, ""liq_after"": 3, ""pressure_len"": 5, ""scale"": 0.1, ""shift"": 0, ""ticker"": ""SPY"", ""vol_window"": 63}",-0.2671,0.01919,-0.14,35.92,501,5b62ac2,
2026-10-03T11:46:28+00:00,IFC,OOS_B_dash,OOS,2.0,c65d254623,"{""cost_mult"": 2.0, ""exec"": ""next_close"", ""extra_delay"": 0, ""k_fixed"": null, ""liq_after"": 3, ""pressure_len"": 5, ""scale"": 0.1, ""shift"": 0, ""ticker"": ""SPY"", ""vol_window"": 63}",-0.4234,0.00826,-0.1499,35.92,501,5b62ac2,
2026-10-03T11:46:28+00:00,IFC,OOS_C_treasury,OOS,1.0,1a151cf78a,"{""calendar"": ""ex_ante"", ""cap"": 2.0, ""cost_mult"": 1.0, ""exec"": ""next_close"", ""extra_delay"": 0, ""issuance_sizing"": true, ""median_months"": 12, ""q_clip"": [0.5, 2.0], ""scale"": 0.1, ""ticker"": ""IEF"", ""vol_window"": 63, ""window"": [-2, 0]}",-0.0919,0.03674,-0.0466,39.83,501,5b62ac2,
2026-10-03T11:46:28+00:00,IFC,OOS_C_treasury,OOS,2.0,c9db8341e6,"{""calendar"": ""ex_ante"", ""cap"": 2.0, ""cost_mult"": 2.0, ""exec"": ""next_close"", ""extra_delay"": 0, ""issuance_sizing"": true, ""median_months"": 12, ""q_clip"": [0.5, 2.0], ""scale"": 0.1, ""ticker"": ""IEF"", ""vol_window"": 63, ""window"": [-2, 0]}",-0.4548,0.02442,-0.0505,39.83,501,5b62ac2,
2026-10-03T11:46:28+00:00,IFC_EXPLORATORY,OOS_D_fx,OOS,1.0,c7e1ce9926,"{""cost_mult"": 1.0, ""exec"": ""next_close"", ""extra_lag"": 0, ""hold_end"": 0, ""hold_start"": -1, ""signal_offset"": -3, ""sleeve"": ""D_fx_hedge_rebalancing"", ""target_vol"": 0.05, ""vol_window"": 63}",0.2798,0.04712,-0.015,31.78,501,5b62ac2,
2026-10-03T11:46:29+00:00,IFC_EXPLORATORY,OOS_D_fx,OOS,2.0,3b9fbf1d3c,"{""cost_mult"": 2.0, ""exec"": ""next_close"", ""extra_lag"": 0, ""hold_end"": 0, ""hold_start"": -1, ""signal_offset"": -3, ""sleeve"": ""D_fx_hedge_rebalancing"", ""target_vol"": 0.05, ""vol_window"": 63}",-0.3734,0.03061,-0.0162,31.78,501,5b62ac2,
2026-10-03T11:46:29+00:00,IFC_EXPLORATORY,OOS_E_auction,OOS,1.0,9e83500124,"{""cap"": 2.0, ""cost_mult"": 1.0, ""exec"": ""next_close"", ""extra_delay"": 0, ""post"": [1, 4], ""pre"": [-4, 0], ""scale"": 0.1, ""ticker"": ""IEF"", ""trailing_months"": 12, ""vol_window"": 63}",-1.0576,-0.0577,-0.2368,224.88,501,5b62ac2,
2026-10-03T11:46:29+00:00,IFC_EXPLORATORY,OOS_E_auction,OOS,2.0,06764041b9,"{""cap"": 2.0, ""cost_mult"": 2.0, ""exec"": ""next_close"", ""extra_delay"": 0, ""post"": [1, 4], ""pre"": [-4, 0], ""scale"": 0.1, ""ticker"": ""IEF"", ""trailing_months"": 12, ""vol_window"": 63}",-1.7943,-0.11925,-0.3047,224.88,501,5b62ac2,
2026-10-03T11:46:30+00:00,PCT,OOS_PCT,OOS,1.0,80f6380444,"{""W"": 63, ""clip_hi"": 1.0, ""clip_lo"": -1.0, ""cost_mult"": 1.0, ""cov_window"": 252, ""exec"": ""next_open"", ""extra_delay"": 0, ""gross_cap"": 3.0, ""id_window"": 252, ""legs"": 4, ""measure"": ""R"", ""min_history"": 300, ""raw_scale"": 0.4, ""target_vol"": 0.1, ""trend_lb"": 252, ""vol_window"": 63}",0.7125,0.11903,-0.0896,31.8,501,5b62ac2,
2026-10-03T11:46:31+00:00,PCT,OOS_PCT,OOS,2.0,c3a4a2f0b9,"{""W"": 63, ""clip_hi"": 1.0, ""clip_lo"": -1.0, ""cost_mult"": 2.0, ""cov_window"": 252, ""exec"": ""next_open"", ""extra_delay"": 0, ""gross_cap"": 3.0, ""id_window"": 252, ""legs"": 4, ""measure"": ""R"", ""min_history"": 300, ""raw_scale"": 0.4, ""target_vol"": 0.1, ""trend_lb"": 252, ""vol_window"": 63}",0.6028,0.10558,-0.0911,31.8,501,5b62ac2,
2026-10-03T11:46:31+00:00,PCT,OOS_TSMOM_benchmark,OOS,1.0,72f2713d23,"{""W"": 63, ""clip_hi"": 1.0, ""clip_lo"": -1.0, ""cost_mult"": 1.0, ""cov_window"": 252, ""exec"": ""next_open"", ""extra_delay"": 0, ""gross_cap"": 3.0, ""id_window"": 252, ""legs"": 4, ""measure"": ""none"", ""min_history"": 300, ""raw_scale"": 0.4, ""target_vol"": 0.1, ""trend_lb"": 252, ""vol_window"": 63}",0.5537,0.09582,-0.121,17.41,501,5b62ac2,
2026-10-03T11:46:32+00:00,PCT,OOS_TSMOM_benchmark,OOS,2.0,502142abb4,"{""W"": 63, ""clip_hi"": 1.0, ""clip_lo"": -1.0, ""cost_mult"": 2.0, ""cov_window"": 252, ""exec"": ""next_open"", ""extra_delay"": 0, ""gross_cap"": 3.0, ""id_window"": 252, ""legs"": 4, ""measure"": ""none"", ""min_history"": 300, ""raw_scale"": 0.4, ""target_vol"": 0.1, ""trend_lb"": 252, ""vol_window"": 63}",0.4902,0.08866,-0.1242,17.41,501,5b62ac2,
2026-10-03T11:46:32+00:00,PCT,OOS_PCT_ID_variant,OOS,1.0,34add18eda,"{""W"": 63, ""clip_hi"": 1.0, ""clip_lo"": -1.0, ""cost_mult"": 1.0, ""cov_window"": 252, ""exec"": ""next_open"", ""extra_delay"": 0, ""gross_cap"": 3.0, ""id_window"": 252, ""legs"": 4, ""measure"": ""ID"", ""min_history"": 300, ""raw_scale"": 0.4, ""target_vol"": 0.1, ""trend_lb"": 252, ""vol_window"": 63}",0.4858,0.0901,-0.1276,16.07,501,5b62ac2,
2026-10-03T11:46:33+00:00,PCT,OOS_PCT_ID_variant,OOS,2.0,e29a8d7ad4,"{""W"": 63, ""clip_hi"": 1.0, ""clip_lo"": -1.0, ""cost_mult"": 2.0, ""cov_window"": 252, ""exec"": ""next_open"", ""extra_delay"": 0, ""gross_cap"": 3.0, ""id_window"": 252, ""legs"": 4, ""measure"": ""ID"", ""min_history"": 300, ""raw_scale"": 0.4, ""target_vol"": 0.1, ""trend_lb"": 252, ""vol_window"": 63}",0.4287,0.08341,-0.131,16.07,501,5b62ac2,
2026-10-03T11:46:33+00:00,IFC,OOS_IFC_composite,OOS,1.0,32ce00f210,"{""bond"": ""IEF"", ""cost_mult"": 1.0, ""equity"": ""SPY"", ""exec"": ""next_close""}",-0.3137,0.01549,-0.0867,100.56,501,5b62ac2,
2026-10-03T11:46:33+00:00,IFC,OOS_IFC_composite,OOS,2.0,ad39ab37f2,"{""bond"": ""IEF"", ""cost_mult"": 2.0, ""equity"": ""SPY"", ""exec"": ""next_close""}",-0.743,-0.01472,-0.1045,100.56,501,5b62ac2,
2026-10-03T11:46:34+00:00,IFC_F,OOS_IFC_F_composite,OOS,1.0,f34c51a19c,"{""bond"": ""ZN16"", ""cost_mult"": 1.0, ""equity"": ""ES16"", ""exec"": ""next_close""}",0.0053,0.03848,-0.0704,128.75,501,5b62ac2,
2026-10-03T11:46:34+00:00,IFC_F,OOS_IFC_F_composite,OOS,2.0,d24aed2882,"{""bond"": ""ZN16"", ""cost_mult"": 2.0, ""equity"": ""ES16"", ""exec"": ""next_close""}",-0.1891,0.0252,-0.0781,128.75,501,5b62ac2,
2026-10-03T11:46:35+00:00,PCT_F,OOS_PCTF_base,OOS,1.0,dd569f5acb,"{""cost_mult"": 1.0, ""exec"": ""next_close"", ""universe"": ""futures20""}",-0.1029,0.02792,-0.1029,59.13,501,5b62ac2,
2026-10-03T11:46:35+00:00,PCT_F,OOS_PCTF_tsmom_benchmark,OOS,1.0,140f1c5938,"{""cost_mult"": 1.0, ""exec"": ""next_close"", ""measure"": ""none"", ""universe"": ""futures20""}",0.14,0.04844,-0.097,45.8,501,5b62ac2,
2026-10-03T11:46:36+00:00,PCT_F,OOS_PCTF_id_variant,OOS,1.0,2fe3291e0d,"{""cost_mult"": 1.0, ""exec"": ""next_close"", ""measure"": ""ID"", ""universe"": ""futures20""}",0.0598,0.04202,-0.0908,47.41,501,5b62ac2,
2026-10-03T11:46:39+00:00,FTE,OOS_FTE_A+C+TSMOM|minvar_lw|vt8|nobrake,OOS,1.0,43bbf4e1b4,"{""brake"": false, ""labels"": [""A"", ""C"", ""TSMOM""], ""scheme"": ""minvar_lw"", ""vol_target"": 0.08}",-0.1215,0.02986,-0.0867,12.95,501,5b62ac2,OOS evaluation of the selected configuration
2026-10-03T11:46:42+00:00,FTE,OOS_FTE_A+C+TSMOM|minvar_lw|vt8|nobrake,OOS,2.0,43bbf4e1b4,"{""brake"": false, ""labels"": [""A"", ""C"", ""TSMOM""], ""scheme"": ""minvar_lw"", ""vol_target"": 0.08}",-0.6132,-0.00337,-0.1046,12.51,501,5b62ac2,OOS evaluation of the selected configuration
